id,userName,email,profilePic
1,johndoe,john.doe@example.com,profilepic1.jpg
2,janedoe,jane.doe@example.com,profilepic2.jpg
3,bobsmith,bob.smith@example.com,profilepic3.jpg
4,alicejohnson,alice.johnson@example.com,profilepic4.jpg
5,carolwilliams,carol.williams@example.com,profilepic5.jpg
6,frankbrown,frank.brown@example.com,profilepic6.jpg
7,evelyngarcia,evelyn.garcia@example.com,profilepic7.jpg
8,georgemiller,george.miller@example.com,profilepic8.jpg
9,helenmartinez,helen.martinez@example.com,profilepic9.jpg
10,ianlee,ian.lee@example.com,profilepic10.jpg
11,laurajones,laura.jones@example.com,profilepic11.jpg
12,kevinwhite,kevin.white@example.com,profilepic12.jpg
13,emilybrown,emily.brown@example.com,profilepic13.jpg
14,danielrodriguez,daniel.rodriguez@example.com,profilepic14.jpg
15,oliviawilliams,olivia.williams@example.com,profilepic15.jpg
16,ryananderson,ryan.anderson@example.com,profilepic16.jpg
17,emmajohnson,emma.johnson@example.com,profilepic17.jpg
18,alexmiller,alex.miller@example.com,profilepic18.jpg
19,sophiawilson,sophia.wilson@example.com,profilepic19.jpg
20,michaelmoore,michael.moore@example.com,profilepic20.jpg
21,lisabrown,lisa.brown@example.com,profilepic21.jpg
22,jameslee,james.lee@example.com,profilepic22.jpg
23,williamhall,william.hall@example.com,profilepic23.jpg
24,madisonhill,madison.hill@example.com,profilepic24.jpg
25,benjaminsmith,benjamin.smith@example.com,profilepic25.jpg
26,isabellaadams,isabella.adams@example.com,profilepic26.jpg
27,liamthomas,liam.thomas@example.com,profilepic27.jpg
28,averyclark,avery.clark@example.com,profilepic28.jpg
29,gracelewis,grace.lewis@example.com,profilepic29.jpg
30,joshuaallen,joshua.allen@example.com,profilepic30.jpg
31,scarlettyoung,scarlett.young@example.com,profilepic31.jpg
32,ethanmartin,ethan.martin@example.com,profilepic32.jpg
33,zacharyking,zachary.king@example.com,profilepic33.jpg
34,aliceharris,alice.harris@example.com,profilepic34.jpg
35,ryanparker,ryan.parker@example.com,profilepic35.jpg
36,natalieking,natalie.king@example.com,profilepic36.jpg
37,loganmartin,logan.martin@example.com,profilepic37.jpg
38,miriamjones,miriam.jones@example.com,profilepic38.jpg
39,alexanderroberts,alexander.roberts@example.com,profilepic39.jpg
40,chloecollins,chloe.collins@example.com,profilepic40.jpg
41,henryscott,henry.scott@example.com,profilepic41.jpg
42,auroradavis,aurora.davis@example.com,profilepic42.jpg
43,jacksonking,jackson.king@example.com,profilepic43.jpg
44,arielwalker,ariel.walker@example.com,profilepic44.jpg
45,juliaadams,julia.adams@example.com,profilepic45.jpg
46,lucaswilliams,lucas.williams@example.com,profilepic46.jpg
47,marieanderson,marie.anderson@example.com,profilepic47.jpg
48,adamwright,adam.wright@example.com,profilepic48.jpg
49,emilysmith,emily.smith@example.com,profilepic49.jpg
50,ryanbaker,ryan.baker@example.com,profilepic50.jpg
51,danielgarcia,daniel.garcia@example.com,profilepic51.jpg
52,sophiawalker,sophia.walker@example.com,profilepic52.jpg
53,elijahgreen,elijah.green@example.com,profilepic53.jpg
54,gracewhite,grace.white@example.com,profilepic54.jpg
55,michaelmartin,michael.martin@example.com,profilepic55.jpg
56,abigailrodriguez,abigail.rodriguez@example.com,profilepic56.jpg
57,thomasdavis,thomas.davis@example.com,profilepic57.jpg
58,harperwilson,harper.wilson@example.com,profilepic58.jpg
59,benjaminbrown,benjamin.brown@example.com,profilepic59.jpg
60,lilyjackson,lily.jackson@example.com,profilepic60.jpg
61,henrycollins,henry.collins@example.com,profilepic61.jpg
62,avaallen,ava.allen@example.com,profilepic62.jpg
63,jacobhill,jacob.hill@example.com,profilepic63.jpg
64,oliviamartin,olivia.martin@example.com,profilepic64.jpg
65,julianthomas,julian.thomas@example.com,profilepic65.jpg
66,zoeallen,zoe.allen@example.com,profilepic66.jpg
67,williamharris,william.harris@example.com,profilepic67.jpg
68,lucascarter,lucas.carter@example.com,profilepic68.jpg
69,emilyjones,emily.jones@example.com,profilepic69.jpg
70,michaelwilliams,michael.williams@example.com,profilepic70.jpg
71,sarahscott,sarah.scott@example.com,profilepic71.jpg
72,calebmartin,caleb.martin@example.com,profilepic72.jpg
73,elizabethmoore,elizabeth.moore@example.com,profilepic73.jpg
74,liammartin,liam.martin@example.com,profilepic74.jpg
75,juliagreen,julia.green@example.com,profilepic75.jpg
76,jameswalker,james.walker@example.com,profilepic76.jpg
77,charlottejones,charlotte.jones@example.com,profilepic77.jpg
78,evelynscott,evelyn.scott@example.com,profilepic78.jpg
79,henrymartin,henry.martin@example.com,profilepic79.jpg
80,ameliaanderson,amelia.anderson@example.com,profilepic80.jpg
81,johnroberts,john.roberts@example.com,profilepic81.jpg
82,madisonparker,madison.parker@example.com,profilepic82.jpg
83,emilythomas,emily.thomas@example.com,profilepic83.jpg
84,ryankim,ryan.kim@example.com,profilepic84.jpg
85,sofiaadams,sofia.adams@example.com,profilepic85.jpg
86,ethanwilliams,ethan.williams@example.com,profilepic86.jpg
87,lilycollins,lily.collins@example.com,profilepic87.jpg
88,alexandergarcia,alexander.garcia@example.com,profilepic88.jpg
89,jamessmith,james.smith@example.com,profilepic89.jpg
90,harperjones,harper.jones@example.com,profilepic90.jpg
91,williamdavis,william.davis@example.com,profilepic91.jpg
92,emilythompson,emily.thompson@example.com,profilepic92.jpg
93,sofiawilliams,sofia.williams@example.com,profilepic93.jpg
94,jacobscott,jacob.scott@example.com,profilepic94.jpg
95,miaallen,mia.allen@example.com,profilepic95.jpg
96,jamesmiller,james.miller@example.com,profilepic96.jpg
97,oliviaanderson,olivia.anderson@example.com,profilepic97.jpg
98,julianmartin,julian.martin@example.com,profilepic98.jpg
99,charlotteharris,charlotte.harris@example.com,profilepic99.jpg
100,elijahsmith,elijah.smith@example.com,profilepic100.jpg
